{"bins": [0.0, 0.025, 0.05, 0.07500000000000001, 0.1, 0.125, 0.15000000000000002, 0.17500000000000002, 0.2, 0.225, 0.25, 0.275, 0.30000000000000004, 0.325, 0.35000000000000003, 0.375, 0.4, 0.42500000000000004, 0.45, 0.47500000000000003, 0.5, 0.525, 0.55, 0.5750000000000001, 0.6000000000000001, 0.625, 0.65, 0.675, 0.7000000000000001, 0.7250000000000001, 0.75, 0.775, 0.8, 0.8250000000000001, 0.8500000000000001, 0.875, 0.9, 0.925, 0.9500000000000001, 0.9750000000000001, 1.0], "p_error": [0.0, 0.0, 0.0, 0.11764705190311459, 0.16372795928532, 0.19531996170233049, 0.2607848593763471, 0.2592912704151723, 0.17365809644850785, 0.11101163826722846, 0.13107080156169057, 0.1397435895644313, 0.06026058622107396, 0.041118420985002596, 0.0, 0.0, 0.0, 0.0, 0.0, 0.0, 0.0, 0.0, 0.0, 0.0, 0.0, 0.0, 0.0, 0.0, 0.0, 0.0, 0.0, 0.0, 0.0, 0.0, 0.0, 0.0, 0.0, 0.0, 0.0, 0.0]}